{
    "base":{
        "base":[
            0.1708046943,
            0.9657233953
        ],
        "base_pt_g250":[
            0.1888050884,
            0.9636963606
        ],
        "base_pt_l250":[
            0.1396651417,
            0.948974669
        ],
        "base_3j0fj":[
            0.1896837205,
            0.9667309523
        ],
        "pt_flatten":[
            0.1543599665,
            0.9598482847
        ],
        "pt_flatten_pt_g250":[
            0.1604593098,
            0.9656820297
        ],
        "pt_flatten_pt_l250":[
            0.1353725344,
            0.9383937716
        ]
    },
    "base_pt_g250":{
        "base":[
            0.1731234491,
            0.9698301554
        ],
        "base_pt_g250":[
            0.1817673147,
            0.97177279
        ],
        "base_pt_l250":[
            0.1581725925,
            0.9432637691
        ],
        "base_3j0fj":[
            0.2178979516,
            0.9598238468
        ],
        "pt_flatten":[
            0.1488360763,
            0.965208292
        ],
        "pt_flatten_pt_g250":[
            0.1463532001,
            0.975161314
        ],
        "pt_flatten_pt_l250":[
            0.1565660089,
            0.9256412983
        ]
    },
    "base_pt_l250":{
        "base":[
            0.1311534792,
            0.9102790952
        ],
        "base_pt_g250":[
            0.1468507946,
            0.9051209092
        ],
        "base_pt_l250":[
            0.103993766,
            0.9556913376
        ],
        "base_3j0fj":[
            0.1506777257,
            0.9381990433
        ],
        "pt_flatten":[
            0.1354716271,
            0.8630391359
        ],
        "pt_flatten_pt_g250":[
            0.1448233277,
            0.8425249457
        ],
        "pt_flatten_pt_l250":[
            0.1063601971,
            0.9489080906
        ]
    },
    "base_3j0fj":{
        "base":[
            0.4062585533,
            0.9482187033
        ],
        "base_pt_g250":[
            0.4566240907,
            0.9439592361
        ],
        "base_pt_l250":[
            0.3190994263,
            0.9322412014
        ],
        "base_3j0fj":[
            0.2215797901,
            0.9752761722
        ],
        "pt_flatten":[
            0.3833528757,
            0.9394946694
        ],
        "pt_flatten_pt_g250":[
            0.4159578085,
            0.9486025572
        ],
        "pt_flatten_pt_l250":[
            0.2818579078,
            0.9185376763
        ]
    },
    "pt_flatten":{
        "base":[
            0.3042315543,
            0.9552970529
        ],
        "base_pt_g250":[
            0.2872407436,
            0.9597299695
        ],
        "base_pt_l250":[
            0.3336400986,
            0.9286261797
        ],
        "base_3j0fj":[
            0.4479090571,
            0.9512601495
        ],
        "pt_flatten":[
            0.2751818001,
            0.9577739239
        ],
        "pt_flatten_pt_g250":[
            0.2558087111,
            0.9642971158
        ],
        "pt_flatten_pt_l250":[
            0.3354865909,
            0.927362442
        ]
    },
    "pt_flatten_pt_g250":{
        "base":[
            0.217418313,
            0.947492063
        ],
        "base_pt_g250":[
            0.2460741848,
            0.9473548532
        ],
        "base_pt_l250":[
            0.1678307205,
            0.9087762833
        ],
        "base_3j0fj":[
            0.2297590822,
            0.932502985
        ],
        "pt_flatten":[
            0.2163202018,
            0.9402466416
        ],
        "pt_flatten_pt_g250":[
            0.2323121578,
            0.9592892528
        ],
        "pt_flatten_pt_l250":[
            0.1665394604,
            0.8917639256
        ]
    },
    "pt_flatten_pt_l250":{
        "base":[
            0.2303789258,
            0.7361506224
        ],
        "base_pt_g250":[
            0.3062292635,
            0.7439499497
        ],
        "base_pt_l250":[
            0.0991071686,
            0.9064742327
        ],
        "base_3j0fj":[
            0.1591364145,
            0.8265761733
        ],
        "pt_flatten":[
            0.391348958,
            0.6918552518
        ],
        "pt_flatten_pt_g250":[
            0.4782321751,
            0.6497634053
        ],
        "pt_flatten_pt_l250":[
            0.1208830029,
            0.917620182
        ]
    }
}