{
    "10%": {
        "fpr": 0.09862121792416699,
        "thr": 0.13067308068275452,
        "tpr": 0.9644300727566694
    },
    "5%": {
        "fpr": 0.049980850248946766,
        "thr": 0.2957885265350342,
        "tpr": 0.9062247372675829
    },
    "1%": {
        "fpr": 0.00995787054768288,
        "thr": 0.7584613561630249,
        "tpr": 0.5557801131770412
    },
    "0.1%": {
        "fpr": 0.0009574875526618154,
        "thr": 0.9129540324211121,
        "tpr": 0.2029102667744543
    }
}