{
    "10%": {
        "fpr": 0.09862121792416699,
        "thr": 0.44772428274154663,
        "tpr": 0.9595796281325788
    },
    "5%": {
        "fpr": 0.0497893527384144,
        "thr": 0.7372634410858154,
        "tpr": 0.8900565885206144
    },
    "1%": {
        "fpr": 0.00995787054768288,
        "thr": 0.9535964131355286,
        "tpr": 0.5125303152789006
    },
    "0.1%": {
        "fpr": 0.0,
        "thr": 1.988773226737976,
        "tpr": 0.0
    }
}